1,77601,9/1/2004 0:00:00,In a Class of Their Own,,Hispanic Business Magazine,http://www.hispanicbusiness.com/news/newsbyid.asp?idx=17704,<p>Magazine ranks Stanford #1.</p>
1,77611,9/21/2004 0:00:00,Best Business School Rankings,,The Princeton Review,http://www.princetonreview.com,<p>Students rate Stanford #1 in overall academic experience.</p>
1,77621,9/2/2004 0:00:00,EIU 2004 Business School Ranking,,The Economist,http://www.economist.com/node/3154661,"<p>The Economist Intelligence Unit (EIU), a research arm of the British company that publishes <em>The Economist</em>, ranked Stanford #2 in its 2004 international schools rating, up from #3 in last year's ranking.</p>"
1,77626,10/17/2004 0:00:00,The Best B-Schools of 2004,,Businessweek Magazine,http://www.businessweek.com/stories/2004-10-17/the-best-b-schools,"<p>Stanford placed #4 in this biennial ranking of business schools, the same as in 2002. The ranking is based on the opinions of students (45%), recruiters (45%), and a survey of the intellectual capital generated by faculty research and publishing (10%).</p>"
1,77631,5/15/2005 0:00:00,Stanford Ranks #2 in Financial Times Executive Education Ranking,,The Financial Times,http://www.ft.com/intl/business-education,"<p>Stanford ranks #8 in open enrollment programs, up from #10 last year, and #4 in custom programs, up from #8.</p>"
1,77636,1/24/2005 0:00:00,Stanford Ranks #4 in Financial Times 2005 Ranking: 'Lost Year' Class Comes Up Trumps,,The Financial Times,http://www.ft.com/intl/cms/s/2/3f92052a-6b86-11d9-94dc-00000e2511c8.html#axzz2EPNpeejF,"<p>Stanford ranks #4, up from #7, in <em>The Financial Times</em> global ranking. In the US-only ranking, Stanford ranks #4, up from #5.</p>"
1,77641,8/19/2005 0:00:00,Stanford Ranked #2 in 2005 AmericaEconomia MBA Ranking,,AmericaEconomia,http://www.americaeconomia.com/,"<p>This Latin American business magazine rated Stanford #2, up from #3, in its annual Spanish-language ranking. The ranking is based on a survey of business school faculty, Latin American businessmen, and school data.</p>"
1,77646,9/27/2005 0:00:00,Top Graduate Schools for Hispanics,,Hispanic Business Magazine,http://www.hispanicbusiness.com/2005/9/1/top_10_business_schools_for_hispanics.htm,<p>Stanford ranks #1 in business.</p>
1,77651,9/21/2005 0:00:00,Wall Street Journal Guide to Business Schools,,The Wall Street Journal,http://online.wsj.com/,"<p>After two years out of the top spot, Dartmouth's Tuck School is ranked #1 again. Stanford Graduate School of Business is ranked #15.</p>"
1,77656,9/23/2005 0:00:00,The Year of Listing Differently,,The Economist,http://www.economist.com/node/4431943,"<p>The Economist Intelligence Unit, a sister company of <em>The Economist</em> magazine, ranked Stanford #4, down from #2, in its annual business school ranking. Harvard and Wharton are not listed due to noncooperation.</p>"
1,77661,10/13/2005 0:00:00,2005 Exec Ed Rankings,,Businessweek Magazine,http://www.businessweek.com/stories/2005-10-13/ranking-b-school-executive-education,"<p>In open enrollment, Stanford ranks #4, up from #6. In custom programs, Stanford ranks #9, up from #13. The issue also includes a survey of Executive MBA (EMBA) programs, which Stanford does not offer.</p>"
1,77671,5/15/2006 0:00:00,Executive Education: Research is Back on the Menu,,The Financial Times,http://www.ft.com/intl/cms/s/2/db9c84c6-e10b-11da-90ad-0000779e2340.html#axzz2EPNpeejF,"<p><em>The Financial Times</em> ranks Stanford Business School #3 in executive education in its 8<sup>th</sup> annual ranking. In two sub-categories, the school ranked #3 in open enrollment short courses and #4 in custom programs.</p>"
1,77681,8/1/2006 0:00:00,2006 Best Global MBAs for Mexicans,,Expansion,http://www.gsb.stanford.edu/sites/default/files/ranking-mba-2006-expansion.pdf,"<p><em>Expansi&oacute;n</em>, a Mexican business magazine, pegged Stanford #1 in a ranking published for the first time this year.</p>"
1,78371,8/31/2006 0:00:00,Permanent Innovation: MBA Business Schools,,AmericaEconomia,http://www.gsb.stanford.edu/sites/default/files/ranking-mba-2006-americaeconomia.pdf,"<p>Stanford ranks #1, up from #2 last year, among global business schools in <em>AmericaEconomia</em>, a Spanish-language business magazine that circulates throughout Latin America.</p>"
1,78376,9/1/2006 0:00:00,The Best Business Schools,,The Wall Street Journal,http://online.wsj.com/public/page/news-career-jobs.html,<p>A poll by the Wall Street Journal and Harris Interactive ranked Stanford #18 in its 2006 list of US business schools.</p>
1,78381,9/1/2006 0:00:00,Top Graduate Schools for Hispanics,,Hispanic Business Magazine,http://www.hispanicbusiness.com/2006/9/7/top_graduate_schools_for_hispanics_featured.htm,"<p>Stanford ranks #1 in this survey, as it did last year.</p>"
1,78386,10/31/2007 0:00:00,Best Business Schools 2007,,The Princeton Review,http://www.princetonreview.com/schools/business/BizRankings.aspx?iid=1036388,"<p>In its annual <em>Best Business Schools 2007</em>, Princeton Review names Stanford one of the best in a number of category lists. Stanford tops the list for best career prospects.</p>"
1,78391,10/12/2006 0:00:00,Top of the Class,,The Economist,http://www.economist.com/node/8023115,"The Economist Intelligence Unit ranks Stanford #3 in 2006, up from #4. It also ranks Stanford in several categories: #4 in open new career opportunities and #5 in personal development and educational experience."
1,78396,10/23/2006 0:00:00,The Best B-Schools of 2006,,Businessweek Magazine,http://www.businessweek.com/bschools/rankings/index.html?chan=top+news_top+news+index_top+story,"<p>Stanford ranks #6 in this biennial ranking. Stanford MBAs enjoy the highest job offer rate (99.3%) among the schools, and with MIT grads, the highest salaries after graduation ($110,000).</p>"
1,78401,1/29/2007 0:00:00,Financial Times Business School Rankings,,The Financial Times,http://www.gsb.stanford.edu/sites/default/files/financial-times-2007-global-mba-rankings.pdf,Stanford Graduate School of Business ranks #3  in both the global and the US ranking. This is the same as last year and up from #4 in 2005 and #7 in 2004.
1,78406,9/3/2007 0:00:00,Forbes Best Business Schools,,Forbes Magazine,http://www.forbes.com/2007/08/16/best-business-schools-biz-07mba_cz_kb_0816bschool_land.html,"<p>Stanford ranks #2, up from #6 in 2006. This ""return on investment"" survey looks at MBA compensation five years after graduation minus tuition and forgone salary during school. Data is based on a survey of 2002 MBA alumni.</p>"
1,78411,9/17/2007 0:00:00,Wall Street Journal Ranks Stanford Business School #19 in 2007,,The Wall Street Journal,http://online.wsj.com/public/page/business-schools.html,"The annual recruiter poll also pegged Stanford #1 in innovation leaders, the school producing the most creative and innovative graduates."
1,78416,9/28/2007 0:00:00,EIU Ranking 2007: Pursuing Your MBA,,The Economist,http://www.economist.com/whichmba,"The Economist Intelligence Unit ranks Stanford #2, up from #3, in their annual MBA ranking. As an industry trend, student career interests are rapidly diversifying with students going into more industries than ever before, not just banking and consulting."
1,78421,9/10/2007 0:00:00,Businessweek Ranks Stanford Executive Education in 2007,,Businessweek Magazine,http://www.businessweek.com/bschools/rankings/,<p>Biennial magazine survey ranks open enrollment programs #4 and custom programs #14.</p>
1,78426,9/1/2008 0:00:00,Top 10 Business Schools for Hispanic Students,,Hispanic Business Magazine,http://www.hispanicbusiness.com/2008/8/27/top_10_business_schools_for_hispanic.htm,<p>Stanford ranks #2 in this survey.</p>
1,78431,10/10/2007 0:00:00,Aspen Institute Ranks Stanford #1 in Social and Environmental Responsibility,,The Aspen Institute,http://www.aspencbe.org/2007-2008BGP_Brochure.pdf,Stanford tops the list of schools that best integrate social responsibility and environmental sustainability into their curriculums. This is the second time Stanford has ranked #1 in the field.
1,78436,10/10/2005 0:00:00,Aspen Institute Ranks Stanford #1 in Social and Environmental Responsibility,,The Aspen Institute,http://www.aspencbe.org/documents/bgp_ranking_2005.pdf,
1,78441,10/6/2008 0:00:00,Economist Intelligence Unit-Which MBA Ranks Stanford MBA Program #4,,The Economist,http://www.economist.com/whichmba,
1,78446,11/24/2008 0:00:00,The Best U.S. B-Schools of 2008,,Businessweek Magazine,http://www.businessweek.com/business-schools,"<p>Businessweek pegs Stanford #6 in its biennial ranking, same as 2006.</p>"
1,78451,1/28/2008 0:00:00,Financial Times Ranks Stanford MBA Program #4,,The Financial Times,http://media.ft.com/cms/9fe070e6-ca70-11dc-a960-000077b07658.pdf,"<p><em>The Financial Times</em> ranked Stanford #4 in the 2008 global ranking of MBA programs, compared to #3 last year. The ranking is based on a poll of alumni from the class of 2004, school data, and a research citation search. Stanford alumni reported the highest average salaries among participating alumni.</p>"
1,78456,5/12/2008 0:00:00,Financial Times Ranks Stanford #3 in Executive Education,,The Financial Times,http://www.gsb.stanford.edu/sites/default/files/financial-times-2008-exec-ed-rankings.pdf,
1,78461,1/26/2009 0:00:00,"Financial Times Ranks Stanford MBA #6 Global, #4 US in 2009",,The Financial Times,http://www.gsb.stanford.edu/sites/default/files/financial-times-2009-global-mba-rankings.pdf,
1,78466,8/4/2009 0:00:00,Poder 360 Places Stanford as #1 in Business School for Hispanics,,Poder 360 Magazine,http://www.poder360.com/article_detail.php?id_article=2021,"<p>Ranking was based on academic quality, selectivity, minority student enrollment, international curricula, and the availability of minority scholarships, professional business organizations, and multicultural student associations.</p>"
1,78471,8/5/2009 0:00:00,Forbes Ranks Stanford #1 MBA Program in 2009 Best US Business Schools,,Forbes Magazine,http://www.forbes.com/2009/08/05/best-business-schools-09-leadership-careers-intro.html,
1,78481,10/15/2009 0:00:00, MBA Salaries,,The Economist,http://www.economist.com/node/14660535?story_id=14660535,
1,78486,11/16/2009 0:00:00,Stanford Ranks 7th in Economist's Eighth Annual MBA Ranking,,The Economist,http://www.economist.com/whichmba,
1,78491,9/7/2009 0:00:00,Businessweek 2009 Executive Education Rankings,,Businessweek Magazine,http://www.businessweek.com/bschools/rankings/,<p>BW ranks Stanford #3 in non-degree open enrollment programs and #17 in custom programs.</p>
1,78501,1/25/2010 0:00:00,Financial Times Global MBA Rankings 2010,,The Financial Times,http://www.gsb.stanford.edu/sites/default/files/financial-times-2010-global-mba-rankings.pdf,"FT ranks Stanford #4, up from #6. Stanford alumni three years out report the highest salaries."
1,78506,1/11/2010 0:00:00,The Most Satisfied MBAs,,Forbes Magazine,http://www.forbes.com/2010/01/11/business-schools-satisfaction-leadership-careers-mba.html,Stanford alumni rate their jobs and B-school the best when it comes to post-graduate satsifaction.
1,78511,1/27/2010 0:00:00,Forbes: Farm Grads Most Satisfied,,Stanford Daily,http://www.stanforddaily.com/2010/01/27/forbes-farm-grads-most-satisfied/,
1,78516,11/11/2010 0:00:00,Bloomberg Businessweek Ranks Stanford MBA #5,,Bloomberg Businessweek,http://www.businessweek.com/interactive_reports/bs_2010_US_FTMBA_TAB_1111.html?chan=bschools_special+report+--+best+b-schools+2010_special+report+--+best+b-schools+2010,Stanford's 2010 ranking moves up from #6 in the biennial survey.
1,78521,1/31/2011 0:00:00,Financial Times Global Ranking,,The Financial Times,http://www.gsb.stanford.edu/sites/default/files/financial-times-2011-global-mba-rankings.pdf,"FT ranks Stanford MBA #4, same as last year."
1,78531,3/16/2011 0:00:00,Stanford Tops Harvard in 2012 Best Business School Rankings,,US News and World Report,http://grad-schools.usnews.rankingsandreviews.com/best-graduate-schools/top-business-schools,
1,78536,8/3/2011 0:00:00,Forbes Ranks Stanford #2 for Return on Investment,,Forbes Magazine,http://www.forbes.com/lists/2011/95/best-business-schools-11_rank.html,
1,78541,9/21/2011 0:00:00,Aspen Ranks Stanford MBA #1 for Corporate Responsibility and Sustainability,,The Aspen Institute,http://www.beyondgreypinstripes.org/reports/BGP%202011-2012%20Global%20Report-small.pdf,
1,78546,1/30/2012 0:00:00,A Winning Performance: Stanford Tops Financial Times Ranking,,The Financial Times,http://www.gsb.stanford.edu/sites/default/files/financial-times-2012-global-mba-rankings.pdf,
1,78556,3/13/2012 0:00:00,"Harvard, Stanford Top 2013 Best Business Schools Rankings",,US News and World Report,http://www.usnews.com/education/best-graduate-schools/top-business-schools/articles/2012/03/13/harvard-stanford-top-2013-best-business-schools-rankings,
1,78561,10/15/2012 0:00:00,Which MBA?,,The Economist,http://www.economist.com/whichmba/full-time-mba-ranking,"Stanford ranks #8, same as last year."
1,78566,8/28/2012 0:00:00,Best Business Schools for Hispanics,,Hispanic Business Magazine,http://www.hispanicbusiness.com/branded/2012/best_schools_best_companies/2012_top_business_schools.asp,"Hispanic Business recently ranked Stanford #10, down from #8."
1,78571,10/15/2012 0:00:00, Princeton Review: Stanford GSB Listed Best Classroom Experience; Best Career Prospects  ,,The Princeton Review,http://www.princetonreview.com/business-school-rankings.aspx,
1,78576,5/31/2007 0:00:00,Financial Times Ranks Stanford #2 in Executive Education Ranking,,The Financial Times,http://www.gsb.stanford.edu/sites/default/files/financial-times-2008-exec-ed-rankings.pdf,<p>Stanford ranks #2 in open enrollment programs.</p>
1,78581,11/15/2012 0:00:00,The Best B-Schools,,Bloomberg Businessweek,http://www.businessweek.com/articles/2012-11-15/the-complete-2012-business-schools-ranking#r=lr-sr,"<p>Stanford is #4, up from 5 last year. In subscores Stanford received A in career services, A+ in leadership, A+ in critical thinking, A+ in caliber of fellow students, and B in teaching.</p>"
1,78896,1/16/2012 0:00:00,Financial Times Ranks Stanford MBA #1,,The Financial Times,http://www.gsb.stanford.edu/sites/default/files/financial-times-2012-global-mba-rankings.pdf,
1,78901,9/21/2011 0:00:00,New Ranking Spotlights Business Education That Works for the Planet,,The Huffington Post,http://www.huffingtonpost.com/judith-samuelson/new-ranking-spotlights-bu_b_971568.html,
1,78906,3/16/2011 0:00:00, Reinventing the MBA,,US News and World Report,http://www.usnews.com/education/best-graduate-schools/top-business-schools/articles/2011/03/14/reinventing-the-mba,
1,78911,1/25/2010 0:00:00,Financial Times Top Schools by Subject 2010,,The Financial Times,http://www.ft.com/intl/cms/s/2/74b8bd3e-06a4-11df-b426-00144feabdc0.html#axzz2E1BnDjkb,"<p>Stanford ranks #2 in entrepreneurship, #9 in general management, as polled by alumni from all schools.</p>"
1,78981,9/1/2004 0:00:00,Insider's Guide to America's Top Business Schools,,Business 2.0 Magazine,http://money.cnn.com/magazines/business2/business2_archive/2004/09/01/379496/index.htm,"<p>Profile calls Stanford first rate, small, and hard to get into.</p>"
1,78986,9/22/2004 0:00:00,Wall Street Journal Guide to Top Business Schools ,,The Wall Street Journal,http://online.wsj.com/article/SB111574592024729423.html,"<p>Recruiter poll ranks Stanford #10 nationally and internationally in academic excellence, #1 in entrepreneurship, and #2 in strategy.</p>"
1,79311,1/14/2013 0:00:00,MBA Rankings: Top Schools for Entrepreneurship,,Bloomberg Businessweek,http://www.businessweek.com/articles/2013-01-14/mba-rankings-top-schools-for-entrepreneurship,"<p>Stanford ranks #1 in entrepreneurship in this sub-ranking of MBA programs. The results are from an online poll of 2012 graduates, who rated specific aspects of the MBA program on a scale from ""poor"" to ""outstanding."" MIT Sloan came in at #2 (Harvard not among the top 10).</p>"
1,79496,1/28/2013 0:00:00,Financial Times Ranks Stanford #2 in Global MBAs,,The Financial Times,http://rankings.ft.com/businessschoolrankings/global-mba-ranking-2013,"<p>Stanford ranks #2, down from #1 last year. Stanford also ranked #1 in entrepreneurship and e-business, and #4 in corporate strategy and general management. Stanford alums have reported the highest salaries in this ranking for the last 7 years. The FT survey is based on a poll of alumni three years out and relies on salary and other career data reported by the alumni, as well as school data and faculty research.</p>"
1,80281,NULL,2014 Best Business Schools,,US News and World Report,http://grad-schools.usnews.rankingsandreviews.com/best-graduate-schools/top-business-schools,<p>US News Ranks Stanford #1 in tie with Harvard.</p>
1,80631,5/13/2013 0:00:00,Financial Times Ranks Stanford Exec Ed #6 overall for 2013,,The Financial Times,http://www.ft.com/intl/cms/6e3f9124-b78d-11e2-841e-00144feabdc0.pdf,<p>Open Enrollment ranked #8; Custom Programs ranked #10.</p>
1,82071,10/9/2013 0:00:00,Stanford Tops List of America's Best Business Schools,,Forbes Magazine,http://www.forbes.com/sites/kurtbadenhausen/2013/10/09/stanford-tops-2013-list-of-americas-best-business-schools/,<p><span>Forbes ranks Stanford #1 for return on investment in 2013.</span></p>
1,82076,10/12/2013 0:00:00,The World's Best Business Programs,,The Economist,http://www.economist.com/news/briefing/21587781-which-mba-2013,<p><em>The Economist</em> ranks Stanford MBA #9 in 2013.</p>
1,82081,3/12/2013 0:00:00,U.S. News Best Business Schools Ranks Stanford #1,,U.S. News & World Report,http://grad-schools.usnews.rankingsandreviews.com/best-graduate-schools/top-business-schools/mba-rankings?int=acf0d6,<p>Stanford tied with Harvard Business School for #1 in 2013.</p>
1,82181,1/26/2014 0:00:00,MBA Graduate Pay Doubles in Downturn,,The Financial Times,http://www.ft.com/intl/cms/s/2/c6f6e4f8-8351-11e3-86c9-00144feab7de.html#axzz2rjdpQ12i,"<p>Stanford ranks #2, same as last year.&nbsp;<span>Stanford GSB alumni</span><span>&nbsp;drew the highest salary, averaged at an annual $182,000 over three years.</span></p>"